{"COLOR_HEX":"#2f2f2f","FONT_COLOR":[0.184313725490196,0.184313725490196,0.184313725490196,100],"FONT_SIZE":500,"MAX_VALUE":99,"MIN_VALUE":0,"TOOLTIP_SHOW":false,"VALUE":28}
