{"COLOR_HEX":"#3F3F3F","FONT_COLOR":[0.247058823529412,0.247058823529412,0.247058823529412,100],"FONT_SIZE":500,"MAX_VALUE":99,"MIN_VALUE":0,"TOOLTIP_SHOW":true,"VALUE":5}
